-- MySQL Script generated by MySQL Workbench
-- Sun Sep 24 21:41:59 2023
-- Model: Virtuajoint Model    Version: 1.0

-- Modelo del sistema VirtuaJoint

-- MySQL Workbench Forward Engineering

SET @OLD_UNIQUE_CHECKS=@@UNIQUE_CHECKS, UNIQUE_CHECKS=0;
SET @OLD_FOREIGN_KEY_CHECKS=@@FOREIGN_KEY_CHECKS, FOREIGN_KEY_CHECKS=0;
SET @OLD_SQL_MODE=@@SQL_MODE, SQL_MODE='ONLY_FULL_GROUP_BY,STRICT_TRANS_TABLES,NO_ZERO_IN_DATE,NO_ZERO_DATE,ERROR_FOR_DIVISION_BY_ZERO,NO_ENGINE_SUBSTITUTION';

-- -----------------------------------------------------
-- Schema virtuajoint
-- -----------------------------------------------------
-- Modelo simplificado de Virtuajoint, solo incluyendo las tablas completamente necesarias para comenzar a insertar registros de los carritos que tengo

-- -----------------------------------------------------
-- Schema virtuajoint
--
-- Modelo simplificado de Virtuajoint, solo incluyendo las tablas completamente necesarias para comenzar a insertar registros de los carritos que tengo
-- -----------------------------------------------------
CREATE SCHEMA IF NOT EXISTS `virtuajoint` DEFAULT CHARACTER SET utf8 COLLATE utf8_spanish_ci ;
USE `virtuajoint` ;

-- -----------------------------------------------------
-- Table `virtuajoint`.`Colores`
-- -----------------------------------------------------
CREATE TABLE IF NOT EXISTS `virtuajoint`.`Colores` (
  `idColores` INT NOT NULL AUTO_INCREMENT,
  `nombreColor` VARCHAR(45) NOT NULL,
  PRIMARY KEY (`idColores`),
  UNIQUE INDEX `idColores_UNIQUE` (`idColores` ASC) VISIBLE,
  UNIQUE INDEX `nombreColor_UNIQUE` (`nombreColor` ASC) VISIBLE)
ENGINE = InnoDB;


-- -----------------------------------------------------
-- Table `virtuajoint`.`LugaresCompra`
-- -----------------------------------------------------
CREATE TABLE IF NOT EXISTS `virtuajoint`.`LugaresCompra` (
  `idlugaresCompra` INT NOT NULL AUTO_INCREMENT,
  `nombreLugarCompra` VARCHAR(45) NULL,
  PRIMARY KEY (`idlugaresCompra`),
  UNIQUE INDEX `idlugaresCompra_UNIQUE` (`idlugaresCompra` ASC) VISIBLE)
ENGINE = InnoDB;


-- -----------------------------------------------------
-- Table `virtuajoint`.`TipoMarca`
-- -----------------------------------------------------
CREATE TABLE IF NOT EXISTS `virtuajoint`.`TipoMarca` (
  `idTipoMarca` INT NOT NULL,
  `nombreTipoMarca` VARCHAR(45) NULL,
  PRIMARY KEY (`idTipoMarca`))
ENGINE = InnoDB;


-- -----------------------------------------------------
-- Table `virtuajoint`.`Paises`
-- -----------------------------------------------------
CREATE TABLE IF NOT EXISTS `virtuajoint`.`Paises` (
  `idPaises` INT NOT NULL AUTO_INCREMENT,
  `nombrePaises` VARCHAR(45) NOT NULL,
  PRIMARY KEY (`idPaises`),
  UNIQUE INDEX `idPaises_UNIQUE` (`idPaises` ASC) VISIBLE,
  UNIQUE INDEX `nombrePaises_UNIQUE` (`nombrePaises` ASC) VISIBLE)
ENGINE = InnoDB;


-- -----------------------------------------------------
-- Table `virtuajoint`.`Marca`
-- -----------------------------------------------------
CREATE TABLE IF NOT EXISTS `virtuajoint`.`Marca` (
  `idMarca` INT NOT NULL AUTO_INCREMENT,
  `nombreMarca` VARCHAR(45) NOT NULL,
  `idTipoMarca` INT NOT NULL,
  `idPais` INT NOT NULL,
  `fundacion` SMALLINT(5) NULL COMMENT 'Año de fundación de la marca',
  PRIMARY KEY (`idMarca`, `idTipoMarca`, `idPais`),
  UNIQUE INDEX `nombreMarca_UNIQUE` (`nombreMarca` ASC) VISIBLE,
  UNIQUE INDEX `idMarca_UNIQUE` (`idMarca` ASC) VISIBLE,
  INDEX `FK-Marca-Tipo_idx` (`idTipoMarca` ASC) VISIBLE,
  INDEX `FK_Marca-Pais_idx` (`idPais` ASC) VISIBLE,
  CONSTRAINT `FK-Marca-Tipo`
    FOREIGN KEY (`idTipoMarca`)
    REFERENCES `virtuajoint`.`TipoMarca` (`idTipoMarca`)
    ON DELETE NO ACTION
    ON UPDATE NO ACTION,
  CONSTRAINT `FK_Marca-Pais`
    FOREIGN KEY (`idPais`)
    REFERENCES `virtuajoint`.`Paises` (`idPaises`)
    ON DELETE NO ACTION
    ON UPDATE NO ACTION)
ENGINE = InnoDB;


-- -----------------------------------------------------
-- Table `virtuajoint`.`Modelos`
-- -----------------------------------------------------
CREATE TABLE IF NOT EXISTS `virtuajoint`.`Modelos` (
  `idModelos` INT NOT NULL AUTO_INCREMENT,
  `nombreModelo` VARCHAR(45) NOT NULL,
  `añoModelo` VARCHAR(45) NULL COMMENT 'Todos los registros con 1901 en el año del modelo, es por que están pendientes de definirse el año real',
  `idMarcaJuguetera` INT NOT NULL,
  `idMarcaArmadora` INT NOT NULL,
  PRIMARY KEY (`idModelos`, `idMarcaJuguetera`, `idMarcaArmadora`),
  UNIQUE INDEX `idModelos_UNIQUE` (`idModelos` ASC) VISIBLE,
  INDEX `FK_Modelos-MA_idx` (`idMarcaArmadora` ASC) VISIBLE,
  CONSTRAINT `FK_Modelos-MJ`
    FOREIGN KEY (`idMarcaJuguetera`)
    REFERENCES `virtuajoint`.`Marca` (`idMarca`)
    ON DELETE NO ACTION
    ON UPDATE NO ACTION,
  CONSTRAINT `FK_Modelos-MA`
    FOREIGN KEY (`idMarcaArmadora`)
    REFERENCES `virtuajoint`.`Marca` (`idMarca`)
    ON DELETE NO ACTION
    ON UPDATE NO ACTION)
ENGINE = InnoDB;


-- -----------------------------------------------------
-- Table `virtuajoint`.`Autos`
-- -----------------------------------------------------
CREATE TABLE IF NOT EXISTS `virtuajoint`.`Autos` (
  `idAutos` INT NOT NULL AUTO_INCREMENT,
  `fechaCompra` DATE NOT NULL DEFAULT '1990-02-19',
  `precioCompra` DECIMAL(5,2) NOT NULL DEFAULT 0.0,
  `idLugarCompra` INT NOT NULL,
  `idModeloAuto` INT NOT NULL,
  PRIMARY KEY (`idAutos`, `idLugarCompra`, `idModeloAuto`),
  UNIQUE INDEX `idAutos_UNIQUE` (`idAutos` ASC) VISIBLE,
  INDEX `FK_Autos-Lugar_idx` (`idLugarCompra` ASC) VISIBLE,
  INDEX `FK_Autos-Modelo_idx` (`idModeloAuto` ASC) VISIBLE,
  CONSTRAINT `FK_Autos-Lugar`
    FOREIGN KEY (`idLugarCompra`)
    REFERENCES `virtuajoint`.`LugaresCompra` (`idlugaresCompra`)
    ON DELETE NO ACTION
    ON UPDATE NO ACTION,
  CONSTRAINT `FK_Autos-Modelo`
    FOREIGN KEY (`idModeloAuto`)
    REFERENCES `virtuajoint`.`Modelos` (`idModelos`)
    ON DELETE NO ACTION
    ON UPDATE NO ACTION)
ENGINE = InnoDB;


-- -----------------------------------------------------
-- Table `virtuajoint`.`ColoresPorAuto`
-- -----------------------------------------------------
CREATE TABLE IF NOT EXISTS `virtuajoint`.`ColoresPorAuto` (
  `idColoresPorAuto` INT NOT NULL AUTO_INCREMENT,
  `colorCarroceriaPrincipal` INT NOT NULL,
  `colorCarroceriaSecundario` INT NULL,
  `colorCarroceriaTerciario` INT NULL,
  `colorBase` INT NULL,
  `colorInteriores` INT NULL,
  `colorVidrios` INT NULL,
  `idAuto` INT NOT NULL,
  UNIQUE INDEX `idColoresPorAuto_UNIQUE` (`idColoresPorAuto` ASC) VISIBLE,
  PRIMARY KEY (`idColoresPorAuto`, `colorCarroceriaPrincipal`, `idAuto`),
  INDEX `FK_Colores_idx` (`colorCarroceriaPrincipal` ASC) VISIBLE,
  UNIQUE INDEX `idAuto_UNIQUE` (`idAuto` ASC) VISIBLE,
  INDEX `FK_ColoresXA-Color2_idx` (`colorCarroceriaSecundario` ASC) VISIBLE,
  INDEX `FK_ColoresXA-Color3_idx` (`colorCarroceriaTerciario` ASC) VISIBLE,
  INDEX `FK_ColoresXA-Color4_idx` (`colorBase` ASC) VISIBLE,
  INDEX `FK_ColoresXA-Color5_idx` (`colorInteriores` ASC) VISIBLE,
  INDEX `FK_ColoresXA-Color6_idx` (`colorVidrios` ASC) VISIBLE,
  CONSTRAINT `FK_ColoresXA-Color1`
    FOREIGN KEY (`colorCarroceriaPrincipal`)
    REFERENCES `virtuajoint`.`Colores` (`idColores`)
    ON DELETE NO ACTION
    ON UPDATE NO ACTION,
  CONSTRAINT `FK_ColoresXAuto-Autos`
    FOREIGN KEY (`idAuto`)
    REFERENCES `virtuajoint`.`Autos` (`idAutos`)
    ON DELETE NO ACTION
    ON UPDATE NO ACTION,
  CONSTRAINT `FK_ColoresXA-Color2`
    FOREIGN KEY (`colorCarroceriaSecundario`)
    REFERENCES `virtuajoint`.`Colores` (`idColores`)
    ON DELETE NO ACTION
    ON UPDATE NO ACTION,
  CONSTRAINT `FK_ColoresXA-Color3`
    FOREIGN KEY (`colorCarroceriaTerciario`)
    REFERENCES `virtuajoint`.`Colores` (`idColores`)
    ON DELETE NO ACTION
    ON UPDATE NO ACTION,
  CONSTRAINT `FK_ColoresXA-Color4`
    FOREIGN KEY (`colorBase`)
    REFERENCES `virtuajoint`.`Colores` (`idColores`)
    ON DELETE NO ACTION
    ON UPDATE NO ACTION,
  CONSTRAINT `FK_ColoresXA-Color5`
    FOREIGN KEY (`colorInteriores`)
    REFERENCES `virtuajoint`.`Colores` (`idColores`)
    ON DELETE NO ACTION
    ON UPDATE NO ACTION,
  CONSTRAINT `FK_ColoresXA-Color6`
    FOREIGN KEY (`colorVidrios`)
    REFERENCES `virtuajoint`.`Colores` (`idColores`)
    ON DELETE NO ACTION
    ON UPDATE NO ACTION)
ENGINE = InnoDB;


SET SQL_MODE=@OLD_SQL_MODE;
SET FOREIGN_KEY_CHECKS=@OLD_FOREIGN_KEY_CHECKS;
SET UNIQUE_CHECKS=@OLD_UNIQUE_CHECKS;

-- -----------------------------------------------------
-- Data for table `virtuajoint`.`Colores`
-- -----------------------------------------------------
START TRANSACTION;
USE `virtuajoint`;
INSERT INTO `virtuajoint`.`Colores` (`idColores`, `nombreColor`) VALUES (1, 'Pendiente');
INSERT INTO `virtuajoint`.`Colores` (`idColores`, `nombreColor`) VALUES (2, 'NA');
INSERT INTO `virtuajoint`.`Colores` (`idColores`, `nombreColor`) VALUES (3, 'Amarillo');
INSERT INTO `virtuajoint`.`Colores` (`idColores`, `nombreColor`) VALUES (4, 'Anaranjado');
INSERT INTO `virtuajoint`.`Colores` (`idColores`, `nombreColor`) VALUES (5, 'Azul');
INSERT INTO `virtuajoint`.`Colores` (`idColores`, `nombreColor`) VALUES (6, 'Beige');
INSERT INTO `virtuajoint`.`Colores` (`idColores`, `nombreColor`) VALUES (7, 'Blanco');
INSERT INTO `virtuajoint`.`Colores` (`idColores`, `nombreColor`) VALUES (8, 'Café');
INSERT INTO `virtuajoint`.`Colores` (`idColores`, `nombreColor`) VALUES (9, 'Dorado');
INSERT INTO `virtuajoint`.`Colores` (`idColores`, `nombreColor`) VALUES (10, 'Gris');
INSERT INTO `virtuajoint`.`Colores` (`idColores`, `nombreColor`) VALUES (11, 'Morado');
INSERT INTO `virtuajoint`.`Colores` (`idColores`, `nombreColor`) VALUES (12, 'Negro');
INSERT INTO `virtuajoint`.`Colores` (`idColores`, `nombreColor`) VALUES (13, 'Plateado');
INSERT INTO `virtuajoint`.`Colores` (`idColores`, `nombreColor`) VALUES (14, 'Rojo');
INSERT INTO `virtuajoint`.`Colores` (`idColores`, `nombreColor`) VALUES (15, 'Verde');

COMMIT;


-- -----------------------------------------------------
-- Data for table `virtuajoint`.`LugaresCompra`
-- -----------------------------------------------------
START TRANSACTION;
USE `virtuajoint`;
INSERT INTO `virtuajoint`.`LugaresCompra` (`idlugaresCompra`, `nombreLugarCompra`) VALUES (1, 'Pendiente');
INSERT INTO `virtuajoint`.`LugaresCompra` (`idlugaresCompra`, `nombreLugarCompra`) VALUES (2, 'Aurrera Esmeralda San Alfonso');
INSERT INTO `virtuajoint`.`LugaresCompra` (`idlugaresCompra`, `nombreLugarCompra`) VALUES (3, 'Aurrera La Viga');
INSERT INTO `virtuajoint`.`LugaresCompra` (`idlugaresCompra`, `nombreLugarCompra`) VALUES (4, 'Aurrera Matilde, Pachuca');
INSERT INTO `virtuajoint`.`LugaresCompra` (`idlugaresCompra`, `nombreLugarCompra`) VALUES (5, 'Aurrera Viaducto');
INSERT INTO `virtuajoint`.`LugaresCompra` (`idlugaresCompra`, `nombreLugarCompra`) VALUES (6, 'Beto Superwheels');
INSERT INTO `virtuajoint`.`LugaresCompra` (`idlugaresCompra`, `nombreLugarCompra`) VALUES (7, 'Chedraui Universidad');
INSERT INTO `virtuajoint`.`LugaresCompra` (`idlugaresCompra`, `nombreLugarCompra`) VALUES (8, 'Comercial Mexicana Chabacano');
INSERT INTO `virtuajoint`.`LugaresCompra` (`idlugaresCompra`, `nombreLugarCompra`) VALUES (9, 'Coppel Viaducto');
INSERT INTO `virtuajoint`.`LugaresCompra` (`idlugaresCompra`, `nombreLugarCompra`) VALUES (10, 'Desconocido');
INSERT INTO `virtuajoint`.`LugaresCompra` (`idlugaresCompra`, `nombreLugarCompra`) VALUES (11, 'Jamaica');
INSERT INTO `virtuajoint`.`LugaresCompra` (`idlugaresCompra`, `nombreLugarCompra`) VALUES (12, 'Juguetibici Las Antenas');
INSERT INTO `virtuajoint`.`LugaresCompra` (`idlugaresCompra`, `nombreLugarCompra`) VALUES (13, 'Leobas Shop');
INSERT INTO `virtuajoint`.`LugaresCompra` (`idlugaresCompra`, `nombreLugarCompra`) VALUES (14, 'Liverpool Parque Delta');
INSERT INTO `virtuajoint`.`LugaresCompra` (`idlugaresCompra`, `nombreLugarCompra`) VALUES (15, 'Liverpool Santa Fe');
INSERT INTO `virtuajoint`.`LugaresCompra` (`idlugaresCompra`, `nombreLugarCompra`) VALUES (16, 'Mega Soriana Asturias');
INSERT INTO `virtuajoint`.`LugaresCompra` (`idlugaresCompra`, `nombreLugarCompra`) VALUES (17, 'Mega Soriana Coapa');
INSERT INTO `virtuajoint`.`LugaresCompra` (`idlugaresCompra`, `nombreLugarCompra`) VALUES (18, 'Mercado Ortiz Tirado');
INSERT INTO `virtuajoint`.`LugaresCompra` (`idlugaresCompra`, `nombreLugarCompra`) VALUES (19, 'Papeleria Veracruz');
INSERT INTO `virtuajoint`.`LugaresCompra` (`idlugaresCompra`, `nombreLugarCompra`) VALUES (20, 'Puesto de Coyuya');
INSERT INTO `virtuajoint`.`LugaresCompra` (`idlugaresCompra`, `nombreLugarCompra`) VALUES (21, 'Puesto de Francisco Daniel en Coruna');
INSERT INTO `virtuajoint`.`LugaresCompra` (`idlugaresCompra`, `nombreLugarCompra`) VALUES (22, 'Puesto de Insurgentes');
INSERT INTO `virtuajoint`.`LugaresCompra` (`idlugaresCompra`, `nombreLugarCompra`) VALUES (23, 'Puesto de Jamaica');
INSERT INTO `virtuajoint`.`LugaresCompra` (`idlugaresCompra`, `nombreLugarCompra`) VALUES (24, 'Regalo de Jeannette');
INSERT INTO `virtuajoint`.`LugaresCompra` (`idlugaresCompra`, `nombreLugarCompra`) VALUES (25, 'Soriana Asturias');
INSERT INTO `virtuajoint`.`LugaresCompra` (`idlugaresCompra`, `nombreLugarCompra`) VALUES (26, 'Soriana Coapa');
INSERT INTO `virtuajoint`.`LugaresCompra` (`idlugaresCompra`, `nombreLugarCompra`) VALUES (27, 'Soriana El Retono');
INSERT INTO `virtuajoint`.`LugaresCompra` (`idlugaresCompra`, `nombreLugarCompra`) VALUES (28, 'Soriana Parque Delta');
INSERT INTO `virtuajoint`.`LugaresCompra` (`idlugaresCompra`, `nombreLugarCompra`) VALUES (29, 'Tianguis Juguetes Alameda');
INSERT INTO `virtuajoint`.`LugaresCompra` (`idlugaresCompra`, `nombreLugarCompra`) VALUES (30, 'Walmart Azcapotzalco');
INSERT INTO `virtuajoint`.`LugaresCompra` (`idlugaresCompra`, `nombreLugarCompra`) VALUES (31, 'Walmart Boturini');
INSERT INTO `virtuajoint`.`LugaresCompra` (`idlugaresCompra`, `nombreLugarCompra`) VALUES (32, 'Walmart miramontes');
INSERT INTO `virtuajoint`.`LugaresCompra` (`idlugaresCompra`, `nombreLugarCompra`) VALUES (33, 'Walmart Miramontes');
INSERT INTO `virtuajoint`.`LugaresCompra` (`idlugaresCompra`, `nombreLugarCompra`) VALUES (34, 'Walmart Nativitas');
INSERT INTO `virtuajoint`.`LugaresCompra` (`idlugaresCompra`, `nombreLugarCompra`) VALUES (35, 'Walmart Periferico Sur');
INSERT INTO `virtuajoint`.`LugaresCompra` (`idlugaresCompra`, `nombreLugarCompra`) VALUES (36, 'Walmart Portal Centro');
INSERT INTO `virtuajoint`.`LugaresCompra` (`idlugaresCompra`, `nombreLugarCompra`) VALUES (37, 'Walmart Taxquena');
INSERT INTO `virtuajoint`.`LugaresCompra` (`idlugaresCompra`, `nombreLugarCompra`) VALUES (38, 'Walmart Universidad');
INSERT INTO `virtuajoint`.`LugaresCompra` (`idlugaresCompra`, `nombreLugarCompra`) VALUES (39, 'Walmart Villacoapa');

COMMIT;


-- -----------------------------------------------------
-- Data for table `virtuajoint`.`TipoMarca`
-- -----------------------------------------------------
START TRANSACTION;
USE `virtuajoint`;
INSERT INTO `virtuajoint`.`TipoMarca` (`idTipoMarca`, `nombreTipoMarca`) VALUES (1, 'Pendiente');
INSERT INTO `virtuajoint`.`TipoMarca` (`idTipoMarca`, `nombreTipoMarca`) VALUES (2, 'Armadora');
INSERT INTO `virtuajoint`.`TipoMarca` (`idTipoMarca`, `nombreTipoMarca`) VALUES (3, 'Juguetera');

COMMIT;


-- -----------------------------------------------------
-- Data for table `virtuajoint`.`Paises`
-- -----------------------------------------------------
START TRANSACTION;
USE `virtuajoint`;
INSERT INTO `virtuajoint`.`Paises` (`idPaises`, `nombrePaises`) VALUES (1, 'Pendiente');
INSERT INTO `virtuajoint`.`Paises` (`idPaises`, `nombrePaises`) VALUES (2, 'Alemania');
INSERT INTO `virtuajoint`.`Paises` (`idPaises`, `nombrePaises`) VALUES (3, 'Corea Sur');
INSERT INTO `virtuajoint`.`Paises` (`idPaises`, `nombrePaises`) VALUES (4, 'EUA');
INSERT INTO `virtuajoint`.`Paises` (`idPaises`, `nombrePaises`) VALUES (5, 'Francia');
INSERT INTO `virtuajoint`.`Paises` (`idPaises`, `nombrePaises`) VALUES (6, 'Inglaterra');
INSERT INTO `virtuajoint`.`Paises` (`idPaises`, `nombrePaises`) VALUES (7, 'Italia');
INSERT INTO `virtuajoint`.`Paises` (`idPaises`, `nombrePaises`) VALUES (8, 'Japon');
INSERT INTO `virtuajoint`.`Paises` (`idPaises`, `nombrePaises`) VALUES (9, 'Suecia');
INSERT INTO `virtuajoint`.`Paises` (`idPaises`, `nombrePaises`) VALUES (10, 'China');
INSERT INTO `virtuajoint`.`Paises` (`idPaises`, `nombrePaises`) VALUES (11, 'Indonesia');
INSERT INTO `virtuajoint`.`Paises` (`idPaises`, `nombrePaises`) VALUES (12, 'Malasia');
INSERT INTO `virtuajoint`.`Paises` (`idPaises`, `nombrePaises`) VALUES (13, 'Tailandia');
INSERT INTO `virtuajoint`.`Paises` (`idPaises`, `nombrePaises`) VALUES (14, 'Mexico');

COMMIT;


-- -----------------------------------------------------
-- Data for table `virtuajoint`.`Marca`
-- -----------------------------------------------------
START TRANSACTION;
USE `virtuajoint`;
INSERT INTO `virtuajoint`.`Marca` (`idMarca`, `nombreMarca`, `idTipoMarca`, `idPais`, `fundacion`) VALUES (1, 'Pendiente', 1, 1, 0000);
INSERT INTO `virtuajoint`.`Marca` (`idMarca`, `nombreMarca`, `idTipoMarca`, `idPais`, `fundacion`) VALUES (2, 'Bburago ', 3, 6, 1976);
INSERT INTO `virtuajoint`.`Marca` (`idMarca`, `nombreMarca`, `idTipoMarca`, `idPais`, `fundacion`) VALUES (3, 'HotWheels ', 3, 3, 1968);
INSERT INTO `virtuajoint`.`Marca` (`idMarca`, `nombreMarca`, `idTipoMarca`, `idPais`, `fundacion`) VALUES (4, 'Maisto', 3, 9, 1967);
INSERT INTO `virtuajoint`.`Marca` (`idMarca`, `nombreMarca`, `idTipoMarca`, `idPais`, `fundacion`) VALUES (5, 'Majorette', 3, 4, 1961);
INSERT INTO `virtuajoint`.`Marca` (`idMarca`, `nombreMarca`, `idTipoMarca`, `idPais`, `fundacion`) VALUES (6, 'MatchBox', 3, 5, 1953);
INSERT INTO `virtuajoint`.`Marca` (`idMarca`, `nombreMarca`, `idTipoMarca`, `idPais`, `fundacion`) VALUES (7, 'Welly', 3, 9, 1979);
INSERT INTO `virtuajoint`.`Marca` (`idMarca`, `nombreMarca`, `idTipoMarca`, `idPais`, `fundacion`) VALUES (8, 'Acura', 2, 1, 0000);
INSERT INTO `virtuajoint`.`Marca` (`idMarca`, `nombreMarca`, `idTipoMarca`, `idPais`, `fundacion`) VALUES (9, 'Alfa Romeo', 2, 1, 0000);
INSERT INTO `virtuajoint`.`Marca` (`idMarca`, `nombreMarca`, `idTipoMarca`, `idPais`, `fundacion`) VALUES (10, 'Aston Martin', 2, 1, 0000);
INSERT INTO `virtuajoint`.`Marca` (`idMarca`, `nombreMarca`, `idTipoMarca`, `idPais`, `fundacion`) VALUES (11, 'Audi', 2, 1, 0000);
INSERT INTO `virtuajoint`.`Marca` (`idMarca`, `nombreMarca`, `idTipoMarca`, `idPais`, `fundacion`) VALUES (12, 'Austin', 2, 1, 0000);
INSERT INTO `virtuajoint`.`Marca` (`idMarca`, `nombreMarca`, `idTipoMarca`, `idPais`, `fundacion`) VALUES (13, 'Bentley', 2, 1, 0000);
INSERT INTO `virtuajoint`.`Marca` (`idMarca`, `nombreMarca`, `idTipoMarca`, `idPais`, `fundacion`) VALUES (14, 'Bugatti', 2, 1, 0000);
INSERT INTO `virtuajoint`.`Marca` (`idMarca`, `nombreMarca`, `idTipoMarca`, `idPais`, `fundacion`) VALUES (15, 'Cadillac', 2, 1, 0000);
INSERT INTO `virtuajoint`.`Marca` (`idMarca`, `nombreMarca`, `idTipoMarca`, `idPais`, `fundacion`) VALUES (16, 'Chevrolet', 2, 1, 0000);
INSERT INTO `virtuajoint`.`Marca` (`idMarca`, `nombreMarca`, `idTipoMarca`, `idPais`, `fundacion`) VALUES (17, 'Citroen', 2, 1, 0000);
INSERT INTO `virtuajoint`.`Marca` (`idMarca`, `nombreMarca`, `idTipoMarca`, `idPais`, `fundacion`) VALUES (18, 'Dodge', 2, 1, 0000);
INSERT INTO `virtuajoint`.`Marca` (`idMarca`, `nombreMarca`, `idTipoMarca`, `idPais`, `fundacion`) VALUES (19, 'Ferrari', 2, 1, 0000);
INSERT INTO `virtuajoint`.`Marca` (`idMarca`, `nombreMarca`, `idTipoMarca`, `idPais`, `fundacion`) VALUES (20, 'Ford', 2, 1, 0000);
INSERT INTO `virtuajoint`.`Marca` (`idMarca`, `nombreMarca`, `idTipoMarca`, `idPais`, `fundacion`) VALUES (21, 'Honda', 2, 1, 0000);
INSERT INTO `virtuajoint`.`Marca` (`idMarca`, `nombreMarca`, `idTipoMarca`, `idPais`, `fundacion`) VALUES (22, 'Jaguar', 2, 1, 0000);
INSERT INTO `virtuajoint`.`Marca` (`idMarca`, `nombreMarca`, `idTipoMarca`, `idPais`, `fundacion`) VALUES (23, 'Jeep', 2, 1, 0000);
INSERT INTO `virtuajoint`.`Marca` (`idMarca`, `nombreMarca`, `idTipoMarca`, `idPais`, `fundacion`) VALUES (24, 'Lamborghini', 2, 1, 0000);
INSERT INTO `virtuajoint`.`Marca` (`idMarca`, `nombreMarca`, `idTipoMarca`, `idPais`, `fundacion`) VALUES (25, 'Land Rover', 2, 1, 0000);
INSERT INTO `virtuajoint`.`Marca` (`idMarca`, `nombreMarca`, `idTipoMarca`, `idPais`, `fundacion`) VALUES (26, 'Lexus', 2, 1, 0000);
INSERT INTO `virtuajoint`.`Marca` (`idMarca`, `nombreMarca`, `idTipoMarca`, `idPais`, `fundacion`) VALUES (27, 'Lotus', 2, 1, 0000);
INSERT INTO `virtuajoint`.`Marca` (`idMarca`, `nombreMarca`, `idTipoMarca`, `idPais`, `fundacion`) VALUES (28, 'Man', 2, 1, 0000);
INSERT INTO `virtuajoint`.`Marca` (`idMarca`, `nombreMarca`, `idTipoMarca`, `idPais`, `fundacion`) VALUES (29, 'Masttreta', 2, 1, 0000);
INSERT INTO `virtuajoint`.`Marca` (`idMarca`, `nombreMarca`, `idTipoMarca`, `idPais`, `fundacion`) VALUES (30, 'Mazda', 2, 1, 0000);
INSERT INTO `virtuajoint`.`Marca` (`idMarca`, `nombreMarca`, `idTipoMarca`, `idPais`, `fundacion`) VALUES (31, 'McLaren', 2, 1, 0000);
INSERT INTO `virtuajoint`.`Marca` (`idMarca`, `nombreMarca`, `idTipoMarca`, `idPais`, `fundacion`) VALUES (32, 'Mercedez-Benz', 2, 1, 0000);
INSERT INTO `virtuajoint`.`Marca` (`idMarca`, `nombreMarca`, `idTipoMarca`, `idPais`, `fundacion`) VALUES (33, 'MG', 2, 1, 0000);
INSERT INTO `virtuajoint`.`Marca` (`idMarca`, `nombreMarca`, `idTipoMarca`, `idPais`, `fundacion`) VALUES (34, 'Mitsubishi', 2, 1, 0000);
INSERT INTO `virtuajoint`.`Marca` (`idMarca`, `nombreMarca`, `idTipoMarca`, `idPais`, `fundacion`) VALUES (35, 'Nissan', 2, 1, 0000);
INSERT INTO `virtuajoint`.`Marca` (`idMarca`, `nombreMarca`, `idTipoMarca`, `idPais`, `fundacion`) VALUES (36, 'Opel', 2, 1, 0000);
INSERT INTO `virtuajoint`.`Marca` (`idMarca`, `nombreMarca`, `idTipoMarca`, `idPais`, `fundacion`) VALUES (37, 'Pagani', 2, 1, 0000);
INSERT INTO `virtuajoint`.`Marca` (`idMarca`, `nombreMarca`, `idTipoMarca`, `idPais`, `fundacion`) VALUES (38, 'Plymouth', 2, 1, 0000);
INSERT INTO `virtuajoint`.`Marca` (`idMarca`, `nombreMarca`, `idTipoMarca`, `idPais`, `fundacion`) VALUES (39, 'Polaris', 2, 1, 0000);
INSERT INTO `virtuajoint`.`Marca` (`idMarca`, `nombreMarca`, `idTipoMarca`, `idPais`, `fundacion`) VALUES (40, 'Pontiac', 2, 1, 0000);
INSERT INTO `virtuajoint`.`Marca` (`idMarca`, `nombreMarca`, `idTipoMarca`, `idPais`, `fundacion`) VALUES (41, 'Porsche', 2, 1, 0000);
INSERT INTO `virtuajoint`.`Marca` (`idMarca`, `nombreMarca`, `idTipoMarca`, `idPais`, `fundacion`) VALUES (42, 'Renault', 2, 1, 0000);
INSERT INTO `virtuajoint`.`Marca` (`idMarca`, `nombreMarca`, `idTipoMarca`, `idPais`, `fundacion`) VALUES (43, 'Scania', 2, 1, 0000);
INSERT INTO `virtuajoint`.`Marca` (`idMarca`, `nombreMarca`, `idTipoMarca`, `idPais`, `fundacion`) VALUES (44, 'Shelby', 2, 1, 0000);
INSERT INTO `virtuajoint`.`Marca` (`idMarca`, `nombreMarca`, `idTipoMarca`, `idPais`, `fundacion`) VALUES (45, 'Subaru', 2, 1, 0000);
INSERT INTO `virtuajoint`.`Marca` (`idMarca`, `nombreMarca`, `idTipoMarca`, `idPais`, `fundacion`) VALUES (46, 'Tesla', 2, 1, 0000);
INSERT INTO `virtuajoint`.`Marca` (`idMarca`, `nombreMarca`, `idTipoMarca`, `idPais`, `fundacion`) VALUES (47, 'Toyota', 2, 1, 0000);
INSERT INTO `virtuajoint`.`Marca` (`idMarca`, `nombreMarca`, `idTipoMarca`, `idPais`, `fundacion`) VALUES (48, 'Volskwagen', 2, 1, 0000);
INSERT INTO `virtuajoint`.`Marca` (`idMarca`, `nombreMarca`, `idTipoMarca`, `idPais`, `fundacion`) VALUES (49, 'Volvo', 2, 1, 0000);

COMMIT;


-- -----------------------------------------------------
-- Data for table `virtuajoint`.`Modelos`
-- -----------------------------------------------------
START TRANSACTION;
USE `virtuajoint`;
INSERT INTO `virtuajoint`.`Modelos` (`idModelos`, `nombreModelo`, `añoModelo`, `idMarcaJuguetera`, `idMarcaArmadora`) VALUES (1, 'Pendiente', '0000', 1, 1);
INSERT INTO `virtuajoint`.`Modelos` (`idModelos`, `nombreModelo`, `añoModelo`, `idMarcaJuguetera`, `idMarcaArmadora`) VALUES (2, '934.5', '2016', 1, 1);
INSERT INTO `virtuajoint`.`Modelos` (`idModelos`, `nombreModelo`, `añoModelo`, `idMarcaJuguetera`, `idMarcaArmadora`) VALUES (3, '2 Jet Z', '1901', 1, 1);
INSERT INTO `virtuajoint`.`Modelos` (`idModelos`, `nombreModelo`, `añoModelo`, `idMarcaJuguetera`, `idMarcaArmadora`) VALUES (4, '240 Drift Wagon', '1901', 1, 1);
INSERT INTO `virtuajoint`.`Modelos` (`idModelos`, `nombreModelo`, `añoModelo`, `idMarcaJuguetera`, `idMarcaArmadora`) VALUES (5, '356B Convertible', '1901', 1, 1);
INSERT INTO `virtuajoint`.`Modelos` (`idModelos`, `nombreModelo`, `añoModelo`, `idMarcaJuguetera`, `idMarcaArmadora`) VALUES (6, '370Z', '2010', 1, 1);
INSERT INTO `virtuajoint`.`Modelos` (`idModelos`, `nombreModelo`, `añoModelo`, `idMarcaJuguetera`, `idMarcaArmadora`) VALUES (7, '5 Alarm', '1901', 1, 1);
INSERT INTO `virtuajoint`.`Modelos` (`idModelos`, `nombreModelo`, `añoModelo`, `idMarcaJuguetera`, `idMarcaArmadora`) VALUES (8, '599XX', '2009', 1, 1);
INSERT INTO `virtuajoint`.`Modelos` (`idModelos`, `nombreModelo`, `añoModelo`, `idMarcaJuguetera`, `idMarcaArmadora`) VALUES (9, '718 Boxster', '2016', 1, 1);
INSERT INTO `virtuajoint`.`Modelos` (`idModelos`, `nombreModelo`, `añoModelo`, `idMarcaJuguetera`, `idMarcaArmadora`) VALUES (10, '8C Competizione', '2007', 1, 1);
INSERT INTO `virtuajoint`.`Modelos` (`idModelos`, `nombreModelo`, `añoModelo`, `idMarcaJuguetera`, `idMarcaArmadora`) VALUES (11, '911 GT-2', '2010', 1, 1);
INSERT INTO `virtuajoint`.`Modelos` (`idModelos`, `nombreModelo`, `añoModelo`, `idMarcaJuguetera`, `idMarcaArmadora`) VALUES (12, '911 Rally', '1985', 1, 1);
INSERT INTO `virtuajoint`.`Modelos` (`idModelos`, `nombreModelo`, `añoModelo`, `idMarcaJuguetera`, `idMarcaArmadora`) VALUES (13, '917LH', '1901', 1, 1);
INSERT INTO `virtuajoint`.`Modelos` (`idModelos`, `nombreModelo`, `añoModelo`, `idMarcaJuguetera`, `idMarcaArmadora`) VALUES (14, '918 Spyder', '2013', 1, 1);
INSERT INTO `virtuajoint`.`Modelos` (`idModelos`, `nombreModelo`, `añoModelo`, `idMarcaJuguetera`, `idMarcaArmadora`) VALUES (15, 'Acre Maker', '1901', 1, 1);
INSERT INTO `virtuajoint`.`Modelos` (`idModelos`, `nombreModelo`, `añoModelo`, `idMarcaJuguetera`, `idMarcaArmadora`) VALUES (16, 'Airuption', '2022', 1, 1);
INSERT INTO `virtuajoint`.`Modelos` (`idModelos`, `nombreModelo`, `añoModelo`, `idMarcaJuguetera`, `idMarcaArmadora`) VALUES (17, 'Alpine A110', '2017', 1, 1);
INSERT INTO `virtuajoint`.`Modelos` (`idModelos`, `nombreModelo`, `añoModelo`, `idMarcaJuguetera`, `idMarcaArmadora`) VALUES (18, 'AMG GT', '2014', 1, 1);
INSERT INTO `virtuajoint`.`Modelos` (`idModelos`, `nombreModelo`, `añoModelo`, `idMarcaJuguetera`, `idMarcaArmadora`) VALUES (19, 'Aristo Rat', '1901', 1, 1);
INSERT INTO `virtuajoint`.`Modelos` (`idModelos`, `nombreModelo`, `añoModelo`, `idMarcaJuguetera`, `idMarcaArmadora`) VALUES (20, 'Aventador J', '2012', 1, 1);
INSERT INTO `virtuajoint`.`Modelos` (`idModelos`, `nombreModelo`, `añoModelo`, `idMarcaJuguetera`, `idMarcaArmadora`) VALUES (21, 'Baja Bandit', '1901', 1, 1);
INSERT INTO `virtuajoint`.`Modelos` (`idModelos`, `nombreModelo`, `añoModelo`, `idMarcaJuguetera`, `idMarcaArmadora`) VALUES (22, 'Baja Bone Shaker', '1901', 1, 1);
INSERT INTO `virtuajoint`.`Modelos` (`idModelos`, `nombreModelo`, `añoModelo`, `idMarcaJuguetera`, `idMarcaArmadora`) VALUES (23, 'Ballistik', '2002', 1, 1);
INSERT INTO `virtuajoint`.`Modelos` (`idModelos`, `nombreModelo`, `añoModelo`, `idMarcaJuguetera`, `idMarcaArmadora`) VALUES (24, 'Barracuda Formula S', '1901', 1, 1);
INSERT INTO `virtuajoint`.`Modelos` (`idModelos`, `nombreModelo`, `añoModelo`, `idMarcaJuguetera`, `idMarcaArmadora`) VALUES (25, 'Beat All', '1901', 1, 1);
INSERT INTO `virtuajoint`.`Modelos` (`idModelos`, `nombreModelo`, `añoModelo`, `idMarcaJuguetera`, `idMarcaArmadora`) VALUES (26, 'Bel Air', '1957', 1, 1);
INSERT INTO `virtuajoint`.`Modelos` (`idModelos`, `nombreModelo`, `añoModelo`, `idMarcaJuguetera`, `idMarcaArmadora`) VALUES (27, 'Bentayga', '1901', 1, 1);
INSERT INTO `virtuajoint`.`Modelos` (`idModelos`, `nombreModelo`, `añoModelo`, `idMarcaJuguetera`, `idMarcaArmadora`) VALUES (28, 'Blastous Moto', '1901', 1, 1);
INSERT INTO `virtuajoint`.`Modelos` (`idModelos`, `nombreModelo`, `añoModelo`, `idMarcaJuguetera`, `idMarcaArmadora`) VALUES (29, 'Bogzilla', '1901', 1, 1);
INSERT INTO `virtuajoint`.`Modelos` (`idModelos`, `nombreModelo`, `añoModelo`, `idMarcaJuguetera`, `idMarcaArmadora`) VALUES (30, 'Bot Wheels', '2018', 1, 1);
INSERT INTO `virtuajoint`.`Modelos` (`idModelos`, `nombreModelo`, `añoModelo`, `idMarcaJuguetera`, `idMarcaArmadora`) VALUES (31, 'Bricking Speed', '1901', 1, 1);
INSERT INTO `virtuajoint`.`Modelos` (`idModelos`, `nombreModelo`, `añoModelo`, `idMarcaJuguetera`, `idMarcaArmadora`) VALUES (32, 'Bricking Trails', '2022', 1, 1);
INSERT INTO `virtuajoint`.`Modelos` (`idModelos`, `nombreModelo`, `añoModelo`, `idMarcaJuguetera`, `idMarcaArmadora`) VALUES (33, 'Bronco', '2021', 1, 1);
INSERT INTO `virtuajoint`.`Modelos` (`idModelos`, `nombreModelo`, `añoModelo`, `idMarcaJuguetera`, `idMarcaArmadora`) VALUES (34, 'Bump Around', '2017', 1, 1);
INSERT INTO `virtuajoint`.`Modelos` (`idModelos`, `nombreModelo`, `añoModelo`, `idMarcaJuguetera`, `idMarcaArmadora`) VALUES (35, 'C4 Cactus', '2018', 1, 1);
INSERT INTO `virtuajoint`.`Modelos` (`idModelos`, `nombreModelo`, `añoModelo`, `idMarcaJuguetera`, `idMarcaArmadora`) VALUES (36, 'Camaro', '1981', 1, 1);
INSERT INTO `virtuajoint`.`Modelos` (`idModelos`, `nombreModelo`, `añoModelo`, `idMarcaJuguetera`, `idMarcaArmadora`) VALUES (37, 'Camaro Custom', '2011', 1, 1);
INSERT INTO `virtuajoint`.`Modelos` (`idModelos`, `nombreModelo`, `añoModelo`, `idMarcaJuguetera`, `idMarcaArmadora`) VALUES (38, 'Camaro SS', '2016', 1, 1);
INSERT INTO `virtuajoint`.`Modelos` (`idModelos`, `nombreModelo`, `añoModelo`, `idMarcaJuguetera`, `idMarcaArmadora`) VALUES (39, 'Carbonator', '1901', 1, 1);
INSERT INTO `virtuajoint`.`Modelos` (`idModelos`, `nombreModelo`, `añoModelo`, `idMarcaJuguetera`, `idMarcaArmadora`) VALUES (40, 'Carrera GT', '2003', 1, 1);
INSERT INTO `virtuajoint`.`Modelos` (`idModelos`, `nombreModelo`, `añoModelo`, `idMarcaJuguetera`, `idMarcaArmadora`) VALUES (41, 'Charger', '1969', 1, 1);
INSERT INTO `virtuajoint`.`Modelos` (`idModelos`, `nombreModelo`, `añoModelo`, `idMarcaJuguetera`, `idMarcaArmadora`) VALUES (42, 'Charger', '1971', 1, 1);
INSERT INTO `virtuajoint`.`Modelos` (`idModelos`, `nombreModelo`, `añoModelo`, `idMarcaJuguetera`, `idMarcaArmadora`) VALUES (43, 'Chevelle SS 396 \'67', '1967', 1, 1);
INSERT INTO `virtuajoint`.`Modelos` (`idModelos`, `nombreModelo`, `añoModelo`, `idMarcaJuguetera`, `idMarcaArmadora`) VALUES (44, 'Chevy Nova \'66', '1966', 1, 1);
INSERT INTO `virtuajoint`.`Modelos` (`idModelos`, `nombreModelo`, `añoModelo`, `idMarcaJuguetera`, `idMarcaArmadora`) VALUES (45, 'Chiron', '2016', 1, 1);
INSERT INTO `virtuajoint`.`Modelos` (`idModelos`, `nombreModelo`, `añoModelo`, `idMarcaJuguetera`, `idMarcaArmadora`) VALUES (46, 'Chow Mobile', '2014', 1, 1);
INSERT INTO `virtuajoint`.`Modelos` (`idModelos`, `nombreModelo`, `añoModelo`, `idMarcaJuguetera`, `idMarcaArmadora`) VALUES (47, 'City Turbo II', '1985', 1, 1);
INSERT INTO `virtuajoint`.`Modelos` (`idModelos`, `nombreModelo`, `añoModelo`, `idMarcaJuguetera`, `idMarcaArmadora`) VALUES (48, 'Civic Custom', '1901', 1, 1);
INSERT INTO `virtuajoint`.`Modelos` (`idModelos`, `nombreModelo`, `añoModelo`, `idMarcaJuguetera`, `idMarcaArmadora`) VALUES (49, 'Civic EF', '1990', 1, 1);
INSERT INTO `virtuajoint`.`Modelos` (`idModelos`, `nombreModelo`, `añoModelo`, `idMarcaJuguetera`, `idMarcaArmadora`) VALUES (50, 'Classic 55 Nomad', '1955', 1, 1);
INSERT INTO `virtuajoint`.`Modelos` (`idModelos`, `nombreModelo`, `añoModelo`, `idMarcaJuguetera`, `idMarcaArmadora`) VALUES (51, 'Clear Speeder', '2021', 1, 1);
INSERT INTO `virtuajoint`.`Modelos` (`idModelos`, `nombreModelo`, `añoModelo`, `idMarcaJuguetera`, `idMarcaArmadora`) VALUES (52, 'Cliff Hanger', '2010', 1, 1);
INSERT INTO `virtuajoint`.`Modelos` (`idModelos`, `nombreModelo`, `añoModelo`, `idMarcaJuguetera`, `idMarcaArmadora`) VALUES (53, 'Cloud Cutter', '1901', 1, 1);
INSERT INTO `virtuajoint`.`Modelos` (`idModelos`, `nombreModelo`, `añoModelo`, `idMarcaJuguetera`, `idMarcaArmadora`) VALUES (54, 'Cobra 427 S/C', '1901', 1, 1);
INSERT INTO `virtuajoint`.`Modelos` (`idModelos`, `nombreModelo`, `añoModelo`, `idMarcaJuguetera`, `idMarcaArmadora`) VALUES (55, 'Colorado Xtreme', '1901', 1, 1);
INSERT INTO `virtuajoint`.`Modelos` (`idModelos`, `nombreModelo`, `añoModelo`, `idMarcaJuguetera`, `idMarcaArmadora`) VALUES (56, 'Continental', '1901', 1, 1);
INSERT INTO `virtuajoint`.`Modelos` (`idModelos`, `nombreModelo`, `añoModelo`, `idMarcaJuguetera`, `idMarcaArmadora`) VALUES (57, 'Corvette', '1955', 1, 1);
INSERT INTO `virtuajoint`.`Modelos` (`idModelos`, `nombreModelo`, `añoModelo`, `idMarcaJuguetera`, `idMarcaArmadora`) VALUES (58, 'Corvette C6R', '1901', 1, 1);
INSERT INTO `virtuajoint`.`Modelos` (`idModelos`, `nombreModelo`, `añoModelo`, `idMarcaJuguetera`, `idMarcaArmadora`) VALUES (59, 'Corvette C7 Z06', '2016', 1, 1);
INSERT INTO `virtuajoint`.`Modelos` (`idModelos`, `nombreModelo`, `añoModelo`, `idMarcaJuguetera`, `idMarcaArmadora`) VALUES (60, 'Corvette C7 Z06 Convertible', '2017', 1, 1);
INSERT INTO `virtuajoint`.`Modelos` (`idModelos`, `nombreModelo`, `añoModelo`, `idMarcaJuguetera`, `idMarcaArmadora`) VALUES (61, 'Corvette C7.R', '2014', 1, 1);
INSERT INTO `virtuajoint`.`Modelos` (`idModelos`, `nombreModelo`, `añoModelo`, `idMarcaJuguetera`, `idMarcaArmadora`) VALUES (62, 'Corvette Gasser', '1962', 1, 1);
INSERT INTO `virtuajoint`.`Modelos` (`idModelos`, `nombreModelo`, `añoModelo`, `idMarcaJuguetera`, `idMarcaArmadora`) VALUES (63, 'Corvette Racer', '1969', 1, 1);
INSERT INTO `virtuajoint`.`Modelos` (`idModelos`, `nombreModelo`, `añoModelo`, `idMarcaJuguetera`, `idMarcaArmadora`) VALUES (64, 'Corvette Stingray', '2014', 1, 1);
INSERT INTO `virtuajoint`.`Modelos` (`idModelos`, `nombreModelo`, `añoModelo`, `idMarcaJuguetera`, `idMarcaArmadora`) VALUES (65, 'Cosmic Coupe', '1901', 1, 1);
INSERT INTO `virtuajoint`.`Modelos` (`idModelos`, `nombreModelo`, `añoModelo`, `idMarcaJuguetera`, `idMarcaArmadora`) VALUES (66, 'Count Muscula', '1901', 1, 1);
INSERT INTO `virtuajoint`.`Modelos` (`idModelos`, `nombreModelo`, `añoModelo`, `idMarcaJuguetera`, `idMarcaArmadora`) VALUES (67, 'Crop Master', '1901', 1, 1);
INSERT INTO `virtuajoint`.`Modelos` (`idModelos`, `nombreModelo`, `añoModelo`, `idMarcaJuguetera`, `idMarcaArmadora`) VALUES (68, 'CR-X', '1985', 1, 1);
INSERT INTO `virtuajoint`.`Modelos` (`idModelos`, `nombreModelo`, `añoModelo`, `idMarcaJuguetera`, `idMarcaArmadora`) VALUES (69, 'CR-X', '1988', 1, 1);
INSERT INTO `virtuajoint`.`Modelos` (`idModelos`, `nombreModelo`, `añoModelo`, `idMarcaJuguetera`, `idMarcaArmadora`) VALUES (70, 'CTS Coupe', '1901', 1, 1);
INSERT INTO `virtuajoint`.`Modelos` (`idModelos`, `nombreModelo`, `añoModelo`, `idMarcaJuguetera`, `idMarcaArmadora`) VALUES (71, 'Custom \'18 Mustang GT', '2018', 1, 1);
INSERT INTO `virtuajoint`.`Modelos` (`idModelos`, `nombreModelo`, `añoModelo`, `idMarcaJuguetera`, `idMarcaArmadora`) VALUES (72, 'Custom Datsun 240Z', '1973', 1, 1);
INSERT INTO `virtuajoint`.`Modelos` (`idModelos`, `nombreModelo`, `añoModelo`, `idMarcaJuguetera`, `idMarcaArmadora`) VALUES (73, 'Custom Small Block', '1901', 1, 1);
INSERT INTO `virtuajoint`.`Modelos` (`idModelos`, `nombreModelo`, `añoModelo`, `idMarcaJuguetera`, `idMarcaArmadora`) VALUES (74, 'CX-5', '1901', 1, 1);
INSERT INTO `virtuajoint`.`Modelos` (`idModelos`, `nombreModelo`, `añoModelo`, `idMarcaJuguetera`, `idMarcaArmadora`) VALUES (75, 'Cybertruck', '1901', 1, 1);
INSERT INTO `virtuajoint`.`Modelos` (`idModelos`, `nombreModelo`, `añoModelo`, `idMarcaJuguetera`, `idMarcaArmadora`) VALUES (76, 'Darth Vader', '2014', 1, 1);
INSERT INTO `virtuajoint`.`Modelos` (`idModelos`, `nombreModelo`, `añoModelo`, `idMarcaJuguetera`, `idMarcaArmadora`) VALUES (77, 'DAVancenator', '1901', 1, 1);
INSERT INTO `virtuajoint`.`Modelos` (`idModelos`, `nombreModelo`, `añoModelo`, `idMarcaJuguetera`, `idMarcaArmadora`) VALUES (78, 'DB10', '2014', 1, 1);
INSERT INTO `virtuajoint`.`Modelos` (`idModelos`, `nombreModelo`, `añoModelo`, `idMarcaJuguetera`, `idMarcaArmadora`) VALUES (79, 'DB5', '1963', 1, 1);
INSERT INTO `virtuajoint`.`Modelos` (`idModelos`, `nombreModelo`, `añoModelo`, `idMarcaJuguetera`, `idMarcaArmadora`) VALUES (80, 'DBS', '2010', 1, 1);
INSERT INTO `virtuajoint`.`Modelos` (`idModelos`, `nombreModelo`, `añoModelo`, `idMarcaJuguetera`, `idMarcaArmadora`) VALUES (81, 'Deora III', '2018', 1, 1);
INSERT INTO `virtuajoint`.`Modelos` (`idModelos`, `nombreModelo`, `añoModelo`, `idMarcaJuguetera`, `idMarcaArmadora`) VALUES (82, 'Diaper Dragger', '1901', 1, 1);
INSERT INTO `virtuajoint`.`Modelos` (`idModelos`, `nombreModelo`, `añoModelo`, `idMarcaJuguetera`, `idMarcaArmadora`) VALUES (83, 'Dimachinni Veloce', '1901', 1, 1);
INSERT INTO `virtuajoint`.`Modelos` (`idModelos`, `nombreModelo`, `añoModelo`, `idMarcaJuguetera`, `idMarcaArmadora`) VALUES (84, 'Dino 246 GTS', '1968', 1, 1);
INSERT INTO `virtuajoint`.`Modelos` (`idModelos`, `nombreModelo`, `añoModelo`, `idMarcaJuguetera`, `idMarcaArmadora`) VALUES (85, 'Draggin Tail', '2009', 1, 1);
INSERT INTO `virtuajoint`.`Modelos` (`idModelos`, `nombreModelo`, `añoModelo`, `idMarcaJuguetera`, `idMarcaArmadora`) VALUES (86, 'Dragster', '1994', 1, 1);
INSERT INTO `virtuajoint`.`Modelos` (`idModelos`, `nombreModelo`, `añoModelo`, `idMarcaJuguetera`, `idMarcaArmadora`) VALUES (87, 'Dune Crusher', '1901', 1, 1);
INSERT INTO `virtuajoint`.`Modelos` (`idModelos`, `nombreModelo`, `añoModelo`, `idMarcaJuguetera`, `idMarcaArmadora`) VALUES (88, 'Dune-A-Soar', '1901', 1, 1);
INSERT INTO `virtuajoint`.`Modelos` (`idModelos`, `nombreModelo`, `añoModelo`, `idMarcaJuguetera`, `idMarcaArmadora`) VALUES (89, 'Eevil Weevil', '1901', 1, 1);
INSERT INTO `virtuajoint`.`Modelos` (`idModelos`, `nombreModelo`, `añoModelo`, `idMarcaJuguetera`, `idMarcaArmadora`) VALUES (90, 'El Camino 71', '1971', 1, 1);
INSERT INTO `virtuajoint`.`Modelos` (`idModelos`, `nombreModelo`, `añoModelo`, `idMarcaJuguetera`, `idMarcaArmadora`) VALUES (91, 'Electro Silhouette', '1901', 1, 1);
INSERT INTO `virtuajoint`.`Modelos` (`idModelos`, `nombreModelo`, `añoModelo`, `idMarcaJuguetera`, `idMarcaArmadora`) VALUES (92, 'Escort RS1600', '1970', 1, 1);
INSERT INTO `virtuajoint`.`Modelos` (`idModelos`, `nombreModelo`, `añoModelo`, `idMarcaJuguetera`, `idMarcaArmadora`) VALUES (93, 'Esprit S1', '1976', 1, 1);
INSERT INTO `virtuajoint`.`Modelos` (`idModelos`, `nombreModelo`, `añoModelo`, `idMarcaJuguetera`, `idMarcaArmadora`) VALUES (94, 'Express Delivery', '1901', 1, 1);
INSERT INTO `virtuajoint`.`Modelos` (`idModelos`, `nombreModelo`, `añoModelo`, `idMarcaJuguetera`, `idMarcaArmadora`) VALUES (95, 'F1', '1992', 1, 1);
INSERT INTO `virtuajoint`.`Modelos` (`idModelos`, `nombreModelo`, `añoModelo`, `idMarcaJuguetera`, `idMarcaArmadora`) VALUES (96, 'F1 GT3', '1995', 1, 1);
INSERT INTO `virtuajoint`.`Modelos` (`idModelos`, `nombreModelo`, `añoModelo`, `idMarcaJuguetera`, `idMarcaArmadora`) VALUES (97, 'F1 GTR', '1901', 1, 1);
INSERT INTO `virtuajoint`.`Modelos` (`idModelos`, `nombreModelo`, `añoModelo`, `idMarcaJuguetera`, `idMarcaArmadora`) VALUES (98, 'F-100', '1956', 1, 1);
INSERT INTO `virtuajoint`.`Modelos` (`idModelos`, `nombreModelo`, `añoModelo`, `idMarcaJuguetera`, `idMarcaArmadora`) VALUES (99, 'F-150 SVT Raptor', '1901', 1, 1);
INSERT INTO `virtuajoint`.`Modelos` (`idModelos`, `nombreModelo`, `añoModelo`, `idMarcaJuguetera`, `idMarcaArmadora`) VALUES (100, 'Firebird', '1970', 1, 1);
INSERT INTO `virtuajoint`.`Modelos` (`idModelos`, `nombreModelo`, `añoModelo`, `idMarcaJuguetera`, `idMarcaArmadora`) VALUES (101, 'Firebird', '1984', 1, 1);
INSERT INTO `virtuajoint`.`Modelos` (`idModelos`, `nombreModelo`, `añoModelo`, `idMarcaJuguetera`, `idMarcaArmadora`) VALUES (102, 'Four X Force', '2015', 1, 1);
INSERT INTO `virtuajoint`.`Modelos` (`idModelos`, `nombreModelo`, `añoModelo`, `idMarcaJuguetera`, `idMarcaArmadora`) VALUES (103, 'F-Type', '1901', 1, 1);
INSERT INTO `virtuajoint`.`Modelos` (`idModelos`, `nombreModelo`, `añoModelo`, `idMarcaJuguetera`, `idMarcaArmadora`) VALUES (104, 'Geoterra', '1901', 1, 1);
INSERT INTO `virtuajoint`.`Modelos` (`idModelos`, `nombreModelo`, `añoModelo`, `idMarcaJuguetera`, `idMarcaArmadora`) VALUES (105, 'GLE Coupe', '2015', 1, 1);
INSERT INTO `virtuajoint`.`Modelos` (`idModelos`, `nombreModelo`, `añoModelo`, `idMarcaJuguetera`, `idMarcaArmadora`) VALUES (106, 'Glory Chaser', '2022', 1, 1);
INSERT INTO `virtuajoint`.`Modelos` (`idModelos`, `nombreModelo`, `añoModelo`, `idMarcaJuguetera`, `idMarcaArmadora`) VALUES (107, 'GT LM', '2005', 1, 1);
INSERT INTO `virtuajoint`.`Modelos` (`idModelos`, `nombreModelo`, `añoModelo`, `idMarcaJuguetera`, `idMarcaArmadora`) VALUES (108, 'GTO', '2006', 1, 1);
INSERT INTO `virtuajoint`.`Modelos` (`idModelos`, `nombreModelo`, `añoModelo`, `idMarcaJuguetera`, `idMarcaArmadora`) VALUES (109, 'GT-R (R35) - Guaczilla', '2017', 1, 1);
INSERT INTO `virtuajoint`.`Modelos` (`idModelos`, `nombreModelo`, `añoModelo`, `idMarcaJuguetera`, `idMarcaArmadora`) VALUES (110, 'GTR R35', '2017', 1, 1);
INSERT INTO `virtuajoint`.`Modelos` (`idModelos`, `nombreModelo`, `añoModelo`, `idMarcaJuguetera`, `idMarcaArmadora`) VALUES (111, 'Haulin\' Class', '1901', 1, 1);
INSERT INTO `virtuajoint`.`Modelos` (`idModelos`, `nombreModelo`, `añoModelo`, `idMarcaJuguetera`, `idMarcaArmadora`) VALUES (112, 'Haul-O-Gram', '2019', 1, 1);
INSERT INTO `virtuajoint`.`Modelos` (`idModelos`, `nombreModelo`, `añoModelo`, `idMarcaJuguetera`, `idMarcaArmadora`) VALUES (113, 'Head Gasket', '1901', 1, 1);
INSERT INTO `virtuajoint`.`Modelos` (`idModelos`, `nombreModelo`, `añoModelo`, `idMarcaJuguetera`, `idMarcaArmadora`) VALUES (114, 'Honda CR-X', '1988', 1, 1);
INSERT INTO `virtuajoint`.`Modelos` (`idModelos`, `nombreModelo`, `añoModelo`, `idMarcaJuguetera`, `idMarcaArmadora`) VALUES (115, 'Hot Wired', '1901', 1, 1);
INSERT INTO `virtuajoint`.`Modelos` (`idModelos`, `nombreModelo`, `añoModelo`, `idMarcaJuguetera`, `idMarcaArmadora`) VALUES (116, 'HotWheels Transit Connect', '1901', 1, 1);
INSERT INTO `virtuajoint`.`Modelos` (`idModelos`, `nombreModelo`, `añoModelo`, `idMarcaJuguetera`, `idMarcaArmadora`) VALUES (117, 'Huayra', '2012', 1, 1);
INSERT INTO `virtuajoint`.`Modelos` (`idModelos`, `nombreModelo`, `añoModelo`, `idMarcaJuguetera`, `idMarcaArmadora`) VALUES (118, 'Huracan LP 610-4', '2014', 1, 1);
INSERT INTO `virtuajoint`.`Modelos` (`idModelos`, `nombreModelo`, `añoModelo`, `idMarcaJuguetera`, `idMarcaArmadora`) VALUES (119, 'Hyper Rocker', '1901', 1, 1);
INSERT INTO `virtuajoint`.`Modelos` (`idModelos`, `nombreModelo`, `añoModelo`, `idMarcaJuguetera`, `idMarcaArmadora`) VALUES (120, 'Indy 500 Oval', '1901', 1, 1);
INSERT INTO `virtuajoint`.`Modelos` (`idModelos`, `nombreModelo`, `añoModelo`, `idMarcaJuguetera`, `idMarcaArmadora`) VALUES (121, 'Iridium', '2014', 1, 1);
INSERT INTO `virtuajoint`.`Modelos` (`idModelos`, `nombreModelo`, `añoModelo`, `idMarcaJuguetera`, `idMarcaArmadora`) VALUES (122, 'Jay Leno Tank Car', '1901', 1, 1);
INSERT INTO `virtuajoint`.`Modelos` (`idModelos`, `nombreModelo`, `añoModelo`, `idMarcaJuguetera`, `idMarcaArmadora`) VALUES (123, 'Justice League Batmobile', '2017', 1, 1);
INSERT INTO `virtuajoint`.`Modelos` (`idModelos`, `nombreModelo`, `añoModelo`, `idMarcaJuguetera`, `idMarcaArmadora`) VALUES (124, 'Kadett', '1975', 1, 1);
INSERT INTO `virtuajoint`.`Modelos` (`idModelos`, `nombreModelo`, `añoModelo`, `idMarcaJuguetera`, `idMarcaArmadora`) VALUES (125, 'Kanan', '2014', 1, 1);
INSERT INTO `virtuajoint`.`Modelos` (`idModelos`, `nombreModelo`, `añoModelo`, `idMarcaJuguetera`, `idMarcaArmadora`) VALUES (126, 'Knight Draggin\'', '2020', 1, 1);
INSERT INTO `virtuajoint`.`Modelos` (`idModelos`, `nombreModelo`, `añoModelo`, `idMarcaJuguetera`, `idMarcaArmadora`) VALUES (127, 'L200 Triton', '2008', 1, 1);
INSERT INTO `virtuajoint`.`Modelos` (`idModelos`, `nombreModelo`, `añoModelo`, `idMarcaJuguetera`, `idMarcaArmadora`) VALUES (128, 'Land Rover Defender 110', '1997', 1, 1);
INSERT INTO `virtuajoint`.`Modelos` (`idModelos`, `nombreModelo`, `añoModelo`, `idMarcaJuguetera`, `idMarcaArmadora`) VALUES (129, 'Land Shark', '1901', 1, 1);
INSERT INTO `virtuajoint`.`Modelos` (`idModelos`, `nombreModelo`, `añoModelo`, `idMarcaJuguetera`, `idMarcaArmadora`) VALUES (130, 'LB Super Silhouette Silvia (S15)', '1901', 1, 1);
INSERT INTO `virtuajoint`.`Modelos` (`idModelos`, `nombreModelo`, `añoModelo`, `idMarcaJuguetera`, `idMarcaArmadora`) VALUES (131, 'LB-Silhouette WORKS GT 35GT-RR VER.2', '1901', 1, 1);
INSERT INTO `virtuajoint`.`Modelos` (`idModelos`, `nombreModelo`, `añoModelo`, `idMarcaJuguetera`, `idMarcaArmadora`) VALUES (132, 'Let\'s Go', '1901', 1, 1);
INSERT INTO `virtuajoint`.`Modelos` (`idModelos`, `nombreModelo`, `añoModelo`, `idMarcaJuguetera`, `idMarcaArmadora`) VALUES (133, 'Lightnin\' Bug', '1901', 1, 1);
INSERT INTO `virtuajoint`.`Modelos` (`idModelos`, `nombreModelo`, `añoModelo`, `idMarcaJuguetera`, `idMarcaArmadora`) VALUES (134, 'LM002', '1901', 1, 1);
INSERT INTO `virtuajoint`.`Modelos` (`idModelos`, `nombreModelo`, `añoModelo`, `idMarcaJuguetera`, `idMarcaArmadora`) VALUES (135, 'Load Lifter', '1901', 1, 1);
INSERT INTO `virtuajoint`.`Modelos` (`idModelos`, `nombreModelo`, `añoModelo`, `idMarcaJuguetera`, `idMarcaArmadora`) VALUES (136, 'Luke Skywalker', '2014', 1, 1);
INSERT INTO `virtuajoint`.`Modelos` (`idModelos`, `nombreModelo`, `añoModelo`, `idMarcaJuguetera`, `idMarcaArmadora`) VALUES (137, 'Mario Standard Kart', '1901', 1, 1);
INSERT INTO `virtuajoint`.`Modelos` (`idModelos`, `nombreModelo`, `añoModelo`, `idMarcaJuguetera`, `idMarcaArmadora`) VALUES (138, 'Matt and Debbie Hay\'s Pro Street Thunderbird', '1988', 1, 1);
INSERT INTO `virtuajoint`.`Modelos` (`idModelos`, `nombreModelo`, `añoModelo`, `idMarcaJuguetera`, `idMarcaArmadora`) VALUES (139, 'MBX 4X4', '1901', 1, 1);
INSERT INTO `virtuajoint`.`Modelos` (`idModelos`, `nombreModelo`, `añoModelo`, `idMarcaJuguetera`, `idMarcaArmadora`) VALUES (140, 'MBX Armored Truck', '1901', 1, 1);
INSERT INTO `virtuajoint`.`Modelos` (`idModelos`, `nombreModelo`, `añoModelo`, `idMarcaJuguetera`, `idMarcaArmadora`) VALUES (141, 'MBX Mini Swisher', '2018', 1, 1);
INSERT INTO `virtuajoint`.`Modelos` (`idModelos`, `nombreModelo`, `añoModelo`, `idMarcaJuguetera`, `idMarcaArmadora`) VALUES (142, 'Meter Made', '1901', 1, 1);
INSERT INTO `virtuajoint`.`Modelos` (`idModelos`, `nombreModelo`, `añoModelo`, `idMarcaJuguetera`, `idMarcaArmadora`) VALUES (143, 'MGB Coupe', '1971', 1, 1);
INSERT INTO `virtuajoint`.`Modelos` (`idModelos`, `nombreModelo`, `añoModelo`, `idMarcaJuguetera`, `idMarcaArmadora`) VALUES (144, 'MGB GT Coupe', '1901', 1, 1);
INSERT INTO `virtuajoint`.`Modelos` (`idModelos`, `nombreModelo`, `añoModelo`, `idMarcaJuguetera`, `idMarcaArmadora`) VALUES (145, 'Mini Cooper', '1901', 1, 1);
INSERT INTO `virtuajoint`.`Modelos` (`idModelos`, `nombreModelo`, `añoModelo`, `idMarcaJuguetera`, `idMarcaArmadora`) VALUES (146, 'Model 3', '1901', 1, 1);
INSERT INTO `virtuajoint`.`Modelos` (`idModelos`, `nombreModelo`, `añoModelo`, `idMarcaJuguetera`, `idMarcaArmadora`) VALUES (147, 'Model S', '2012', 1, 1);
INSERT INTO `virtuajoint`.`Modelos` (`idModelos`, `nombreModelo`, `añoModelo`, `idMarcaJuguetera`, `idMarcaArmadora`) VALUES (148, 'MR2', '1901', 1, 1);
INSERT INTO `virtuajoint`.`Modelos` (`idModelos`, `nombreModelo`, `añoModelo`, `idMarcaJuguetera`, `idMarcaArmadora`) VALUES (149, 'Mustang', '1901', 1, 1);
INSERT INTO `virtuajoint`.`Modelos` (`idModelos`, `nombreModelo`, `añoModelo`, `idMarcaJuguetera`, `idMarcaArmadora`) VALUES (150, 'Mustang 2+2 Fastback', '1965', 1, 1);
INSERT INTO `virtuajoint`.`Modelos` (`idModelos`, `nombreModelo`, `añoModelo`, `idMarcaJuguetera`, `idMarcaArmadora`) VALUES (151, 'Mustang Convertible', '2018', 1, 1);
INSERT INTO `virtuajoint`.`Modelos` (`idModelos`, `nombreModelo`, `añoModelo`, `idMarcaJuguetera`, `idMarcaArmadora`) VALUES (152, 'Mustang GT', '2018', 1, 1);
INSERT INTO `virtuajoint`.`Modelos` (`idModelos`, `nombreModelo`, `añoModelo`, `idMarcaJuguetera`, `idMarcaArmadora`) VALUES (153, 'Mustang GT Concept', '1901', 1, 1);
INSERT INTO `virtuajoint`.`Modelos` (`idModelos`, `nombreModelo`, `añoModelo`, `idMarcaJuguetera`, `idMarcaArmadora`) VALUES (154, 'Mustang Mach-E 1400', '1901', 1, 1);
INSERT INTO `virtuajoint`.`Modelos` (`idModelos`, `nombreModelo`, `añoModelo`, `idMarcaJuguetera`, `idMarcaArmadora`) VALUES (155, 'MX-5 Miata', '2015', 1, 1);
INSERT INTO `virtuajoint`.`Modelos` (`idModelos`, `nombreModelo`, `añoModelo`, `idMarcaJuguetera`, `idMarcaArmadora`) VALUES (156, 'MX-5 Miata', '1991', 1, 1);
INSERT INTO `virtuajoint`.`Modelos` (`idModelos`, `nombreModelo`, `añoModelo`, `idMarcaJuguetera`, `idMarcaArmadora`) VALUES (157, 'MXR', '2013', 1, 1);
INSERT INTO `virtuajoint`.`Modelos` (`idModelos`, `nombreModelo`, `añoModelo`, `idMarcaJuguetera`, `idMarcaArmadora`) VALUES (158, 'NSX Concept', '2012', 1, 1);
INSERT INTO `virtuajoint`.`Modelos` (`idModelos`, `nombreModelo`, `añoModelo`, `idMarcaJuguetera`, `idMarcaArmadora`) VALUES (159, 'Octane', '1901', 1, 1);
INSERT INTO `virtuajoint`.`Modelos` (`idModelos`, `nombreModelo`, `añoModelo`, `idMarcaJuguetera`, `idMarcaArmadora`) VALUES (160, 'Off Road Rider', '1901', 1, 1);
INSERT INTO `virtuajoint`.`Modelos` (`idModelos`, `nombreModelo`, `añoModelo`, `idMarcaJuguetera`, `idMarcaArmadora`) VALUES (161, 'Ollie Rocket', '1901', 1, 1);
INSERT INTO `virtuajoint`.`Modelos` (`idModelos`, `nombreModelo`, `añoModelo`, `idMarcaJuguetera`, `idMarcaArmadora`) VALUES (162, 'P1', '2013', 1, 1);
INSERT INTO `virtuajoint`.`Modelos` (`idModelos`, `nombreModelo`, `añoModelo`, `idMarcaJuguetera`, `idMarcaArmadora`) VALUES (163, 'Pajero Evolution', '1901', 1, 1);
INSERT INTO `virtuajoint`.`Modelos` (`idModelos`, `nombreModelo`, `añoModelo`, `idMarcaJuguetera`, `idMarcaArmadora`) VALUES (164, 'Panamera', '2013', 1, 1);
INSERT INTO `virtuajoint`.`Modelos` (`idModelos`, `nombreModelo`, `añoModelo`, `idMarcaJuguetera`, `idMarcaArmadora`) VALUES (165, 'Panamera Turbo S E-Hybrid Spor Turismo', '1901', 1, 1);
INSERT INTO `virtuajoint`.`Modelos` (`idModelos`, `nombreModelo`, `añoModelo`, `idMarcaJuguetera`, `idMarcaArmadora`) VALUES (166, 'PickUp', '1940', 1, 1);
INSERT INTO `virtuajoint`.`Modelos` (`idModelos`, `nombreModelo`, `añoModelo`, `idMarcaJuguetera`, `idMarcaArmadora`) VALUES (167, 'Piranha Terror', '2019', 1, 1);
INSERT INTO `virtuajoint`.`Modelos` (`idModelos`, `nombreModelo`, `añoModelo`, `idMarcaJuguetera`, `idMarcaArmadora`) VALUES (168, 'Power Pistons', '1994', 1, 1);
INSERT INTO `virtuajoint`.`Modelos` (`idModelos`, `nombreModelo`, `añoModelo`, `idMarcaJuguetera`, `idMarcaArmadora`) VALUES (169, 'Push \'N Puller', '1901', 1, 1);
INSERT INTO `virtuajoint`.`Modelos` (`idModelos`, `nombreModelo`, `añoModelo`, `idMarcaJuguetera`, `idMarcaArmadora`) VALUES (170, 'Quarry King', '2007', 1, 1);
INSERT INTO `virtuajoint`.`Modelos` (`idModelos`, `nombreModelo`, `añoModelo`, `idMarcaJuguetera`, `idMarcaArmadora`) VALUES (171, 'R390 GT1', '1901', 1, 1);
INSERT INTO `virtuajoint`.`Modelos` (`idModelos`, `nombreModelo`, `añoModelo`, `idMarcaJuguetera`, `idMarcaArmadora`) VALUES (172, 'R8', '1901', 1, 1);
INSERT INTO `virtuajoint`.`Modelos` (`idModelos`, `nombreModelo`, `añoModelo`, `idMarcaJuguetera`, `idMarcaArmadora`) VALUES (173, 'Rally Truck', '1901', 1, 1);
INSERT INTO `virtuajoint`.`Modelos` (`idModelos`, `nombreModelo`, `añoModelo`, `idMarcaJuguetera`, `idMarcaArmadora`) VALUES (174, 'Range Rover Classic', '1901', 1, 1);
INSERT INTO `virtuajoint`.`Modelos` (`idModelos`, `nombreModelo`, `añoModelo`, `idMarcaJuguetera`, `idMarcaArmadora`) VALUES (175, 'Range Rover Evoque', '1901', 1, 1);
INSERT INTO `virtuajoint`.`Modelos` (`idModelos`, `nombreModelo`, `añoModelo`, `idMarcaJuguetera`, `idMarcaArmadora`) VALUES (176, 'Ranger Raptor', '2019', 1, 1);
INSERT INTO `virtuajoint`.`Modelos` (`idModelos`, `nombreModelo`, `añoModelo`, `idMarcaJuguetera`, `idMarcaArmadora`) VALUES (177, 'Rat Rig', '1901', 1, 1);
INSERT INTO `virtuajoint`.`Modelos` (`idModelos`, `nombreModelo`, `añoModelo`, `idMarcaJuguetera`, `idMarcaArmadora`) VALUES (178, 'RD-03', '2014', 1, 1);
INSERT INTO `virtuajoint`.`Modelos` (`idModelos`, `nombreModelo`, `añoModelo`, `idMarcaJuguetera`, `idMarcaArmadora`) VALUES (179, 'Red Planet Transport', '2021', 1, 1);
INSERT INTO `virtuajoint`.`Modelos` (`idModelos`, `nombreModelo`, `añoModelo`, `idMarcaJuguetera`, `idMarcaArmadora`) VALUES (180, 'Reventon Roadster', '2007', 1, 1);
INSERT INTO `virtuajoint`.`Modelos` (`idModelos`, `nombreModelo`, `añoModelo`, `idMarcaJuguetera`, `idMarcaArmadora`) VALUES (181, 'Rising Heat', '1901', 1, 1);
INSERT INTO `virtuajoint`.`Modelos` (`idModelos`, `nombreModelo`, `añoModelo`, `idMarcaJuguetera`, `idMarcaArmadora`) VALUES (182, 'Road Mauler', '1901', 1, 1);
INSERT INTO `virtuajoint`.`Modelos` (`idModelos`, `nombreModelo`, `añoModelo`, `idMarcaJuguetera`, `idMarcaArmadora`) VALUES (183, 'Roller Toaster', '1901', 1, 1);
INSERT INTO `virtuajoint`.`Modelos` (`idModelos`, `nombreModelo`, `añoModelo`, `idMarcaJuguetera`, `idMarcaArmadora`) VALUES (184, 'RS 6 Avant', '1901', 1, 1);
INSERT INTO `virtuajoint`.`Modelos` (`idModelos`, `nombreModelo`, `añoModelo`, `idMarcaJuguetera`, `idMarcaArmadora`) VALUES (186, 'RS2 Avant', '1901', 1, 1);
INSERT INTO `virtuajoint`.`Modelos` (`idModelos`, `nombreModelo`, `añoModelo`, `idMarcaJuguetera`, `idMarcaArmadora`) VALUES (187, 'RX-7 \'95', '1995', 1, 1);
INSERT INTO `virtuajoint`.`Modelos` (`idModelos`, `nombreModelo`, `añoModelo`, `idMarcaJuguetera`, `idMarcaArmadora`) VALUES (188, 'RZR', '1901', 1, 1);
INSERT INTO `virtuajoint`.`Modelos` (`idModelos`, `nombreModelo`, `añoModelo`, `idMarcaJuguetera`, `idMarcaArmadora`) VALUES (189, 'S2000', '2011', 1, 1);
INSERT INTO `virtuajoint`.`Modelos` (`idModelos`, `nombreModelo`, `añoModelo`, `idMarcaJuguetera`, `idMarcaArmadora`) VALUES (190, 'Savanna RX-7 FC3S', '1989', 1, 1);
INSERT INTO `virtuajoint`.`Modelos` (`idModelos`, `nombreModelo`, `añoModelo`, `idMarcaJuguetera`, `idMarcaArmadora`) VALUES (191, 'SC400', '1990', 1, 1);
INSERT INTO `virtuajoint`.`Modelos` (`idModelos`, `nombreModelo`, `añoModelo`, `idMarcaJuguetera`, `idMarcaArmadora`) VALUES (192, 'Sea Hunter', '1901', 1, 1);
INSERT INTO `virtuajoint`.`Modelos` (`idModelos`, `nombreModelo`, `añoModelo`, `idMarcaJuguetera`, `idMarcaArmadora`) VALUES (193, 'Series III PickUp', '1971', 1, 1);
INSERT INTO `virtuajoint`.`Modelos` (`idModelos`, `nombreModelo`, `añoModelo`, `idMarcaJuguetera`, `idMarcaArmadora`) VALUES (194, 'Sesto Elemento', '2010', 1, 1);
INSERT INTO `virtuajoint`.`Modelos` (`idModelos`, `nombreModelo`, `añoModelo`, `idMarcaJuguetera`, `idMarcaArmadora`) VALUES (195, 'Shelby GT500', '2010', 1, 1);
INSERT INTO `virtuajoint`.`Modelos` (`idModelos`, `nombreModelo`, `añoModelo`, `idMarcaJuguetera`, `idMarcaArmadora`) VALUES (196, 'Silverado Trail Boss LT', '1901', 1, 1);
INSERT INTO `virtuajoint`.`Modelos` (`idModelos`, `nombreModelo`, `añoModelo`, `idMarcaJuguetera`, `idMarcaArmadora`) VALUES (197, 'Skidster', '1901', 1, 1);
INSERT INTO `virtuajoint`.`Modelos` (`idModelos`, `nombreModelo`, `añoModelo`, `idMarcaJuguetera`, `idMarcaArmadora`) VALUES (198, 'Skull Shaker', '2019', 1, 1);
INSERT INTO `virtuajoint`.`Modelos` (`idModelos`, `nombreModelo`, `añoModelo`, `idMarcaJuguetera`, `idMarcaArmadora`) VALUES (199, 'Skull Shaker', '2018', 1, 1);
INSERT INTO `virtuajoint`.`Modelos` (`idModelos`, `nombreModelo`, `añoModelo`, `idMarcaJuguetera`, `idMarcaArmadora`) VALUES (200, 'Skyline 2000 GT-R', '1901', 1, 1);
INSERT INTO `virtuajoint`.`Modelos` (`idModelos`, `nombreModelo`, `añoModelo`, `idMarcaJuguetera`, `idMarcaArmadora`) VALUES (201, 'Skyline 2000 GTX', '1901', 1, 1);
INSERT INTO `virtuajoint`.`Modelos` (`idModelos`, `nombreModelo`, `añoModelo`, `idMarcaJuguetera`, `idMarcaArmadora`) VALUES (202, 'Skyline GT-R (BNR32)', '1901', 1, 1);
INSERT INTO `virtuajoint`.`Modelos` (`idModelos`, `nombreModelo`, `añoModelo`, `idMarcaJuguetera`, `idMarcaArmadora`) VALUES (203, 'Slingshot', '1901', 1, 1);
INSERT INTO `virtuajoint`.`Modelos` (`idModelos`, `nombreModelo`, `añoModelo`, `idMarcaJuguetera`, `idMarcaArmadora`) VALUES (204, 'SLS', '2010', 1, 1);
INSERT INTO `virtuajoint`.`Modelos` (`idModelos`, `nombreModelo`, `añoModelo`, `idMarcaJuguetera`, `idMarcaArmadora`) VALUES (205, 'Snow Ripper', '2016', 1, 1);
INSERT INTO `virtuajoint`.`Modelos` (`idModelos`, `nombreModelo`, `añoModelo`, `idMarcaJuguetera`, `idMarcaArmadora`) VALUES (206, 'Snow Stormer', '1901', 1, 1);
INSERT INTO `virtuajoint`.`Modelos` (`idModelos`, `nombreModelo`, `añoModelo`, `idMarcaJuguetera`, `idMarcaArmadora`) VALUES (207, 'Sooo Fast', '2000', 1, 1);
INSERT INTO `virtuajoint`.`Modelos` (`idModelos`, `nombreModelo`, `añoModelo`, `idMarcaJuguetera`, `idMarcaArmadora`) VALUES (208, 'SP2', '1972', 1, 1);
INSERT INTO `virtuajoint`.`Modelos` (`idModelos`, `nombreModelo`, `añoModelo`, `idMarcaJuguetera`, `idMarcaArmadora`) VALUES (209, 'Spark Arrestor', '2014', 1, 1);
INSERT INTO `virtuajoint`.`Modelos` (`idModelos`, `nombreModelo`, `añoModelo`, `idMarcaJuguetera`, `idMarcaArmadora`) VALUES (210, 'Speed Trap', '2020', 1, 1);
INSERT INTO `virtuajoint`.`Modelos` (`idModelos`, `nombreModelo`, `añoModelo`, `idMarcaJuguetera`, `idMarcaArmadora`) VALUES (211, 'Sport Quattro', '1984', 1, 1);
INSERT INTO `virtuajoint`.`Modelos` (`idModelos`, `nombreModelo`, `añoModelo`, `idMarcaJuguetera`, `idMarcaArmadora`) VALUES (212, 'Sport RS', '2010', 1, 1);
INSERT INTO `virtuajoint`.`Modelos` (`idModelos`, `nombreModelo`, `añoModelo`, `idMarcaJuguetera`, `idMarcaArmadora`) VALUES (213, 'Street Wiener', '1901', 1, 1);
INSERT INTO `virtuajoint`.`Modelos` (`idModelos`, `nombreModelo`, `añoModelo`, `idMarcaJuguetera`, `idMarcaArmadora`) VALUES (214, 'Swamp Commander', '1901', 1, 1);
INSERT INTO `virtuajoint`.`Modelos` (`idModelos`, `nombreModelo`, `añoModelo`, `idMarcaJuguetera`, `idMarcaArmadora`) VALUES (215, 'Swat Truck', '1901', 1, 1);
INSERT INTO `virtuajoint`.`Modelos` (`idModelos`, `nombreModelo`, `añoModelo`, `idMarcaJuguetera`, `idMarcaArmadora`) VALUES (216, 'Sweet Driver', '1901', 1, 1);
INSERT INTO `virtuajoint`.`Modelos` (`idModelos`, `nombreModelo`, `añoModelo`, `idMarcaJuguetera`, `idMarcaArmadora`) VALUES (217, 'Sweptside Pickup', '1957', 1, 1);
INSERT INTO `virtuajoint`.`Modelos` (`idModelos`, `nombreModelo`, `añoModelo`, `idMarcaJuguetera`, `idMarcaArmadora`) VALUES (218, 'Symbolic', '2020', 1, 1);
INSERT INTO `virtuajoint`.`Modelos` (`idModelos`, `nombreModelo`, `añoModelo`, `idMarcaJuguetera`, `idMarcaArmadora`) VALUES (219, 'Terrain Trouncer', '1901', 1, 1);
INSERT INTO `virtuajoint`.`Modelos` (`idModelos`, `nombreModelo`, `añoModelo`, `idMarcaJuguetera`, `idMarcaArmadora`) VALUES (220, 'Terzo Millennio', '1901', 1, 1);
INSERT INTO `virtuajoint`.`Modelos` (`idModelos`, `nombreModelo`, `añoModelo`, `idMarcaJuguetera`, `idMarcaArmadora`) VALUES (221, 'TGS Dump truck 18.440', '2018', 1, 1);
INSERT INTO `virtuajoint`.`Modelos` (`idModelos`, `nombreModelo`, `añoModelo`, `idMarcaJuguetera`, `idMarcaArmadora`) VALUES (222, 'The Dark Knight Batmobile', '1901', 1, 1);
INSERT INTO `virtuajoint`.`Modelos` (`idModelos`, `nombreModelo`, `añoModelo`, `idMarcaJuguetera`, `idMarcaArmadora`) VALUES (223, 'Tomb Up', '2019', 1, 1);
INSERT INTO `virtuajoint`.`Modelos` (`idModelos`, `nombreModelo`, `añoModelo`, `idMarcaJuguetera`, `idMarcaArmadora`) VALUES (224, 'Turbine Sublime', '1901', 1, 1);
INSERT INTO `virtuajoint`.`Modelos` (`idModelos`, `nombreModelo`, `añoModelo`, `idMarcaJuguetera`, `idMarcaArmadora`) VALUES (225, 'V12 Speedster', '1901', 1, 1);
INSERT INTO `virtuajoint`.`Modelos` (`idModelos`, `nombreModelo`, `añoModelo`, `idMarcaJuguetera`, `idMarcaArmadora`) VALUES (226, 'V60', '1901', 1, 1);
INSERT INTO `virtuajoint`.`Modelos` (`idModelos`, `nombreModelo`, `añoModelo`, `idMarcaJuguetera`, `idMarcaArmadora`) VALUES (227, 'Valhalla Concept', '1901', 1, 1);
INSERT INTO `virtuajoint`.`Modelos` (`idModelos`, `nombreModelo`, `añoModelo`, `idMarcaJuguetera`, `idMarcaArmadora`) VALUES (228, 'Van', '1986', 1, 1);
INSERT INTO `virtuajoint`.`Modelos` (`idModelos`, `nombreModelo`, `añoModelo`, `idMarcaJuguetera`, `idMarcaArmadora`) VALUES (229, 'Vantom', '2012', 1, 1);
INSERT INTO `virtuajoint`.`Modelos` (`idModelos`, `nombreModelo`, `añoModelo`, `idMarcaJuguetera`, `idMarcaArmadora`) VALUES (230, 'Veloci-Racer', '1901', 1, 1);
INSERT INTO `virtuajoint`.`Modelos` (`idModelos`, `nombreModelo`, `añoModelo`, `idMarcaJuguetera`, `idMarcaArmadora`) VALUES (231, 'Viper RT/10', '1992', 1, 1);
INSERT INTO `virtuajoint`.`Modelos` (`idModelos`, `nombreModelo`, `añoModelo`, `idMarcaJuguetera`, `idMarcaArmadora`) VALUES (232, 'Vulcan', '2015', 1, 1);
INSERT INTO `virtuajoint`.`Modelos` (`idModelos`, `nombreModelo`, `añoModelo`, `idMarcaJuguetera`, `idMarcaArmadora`) VALUES (233, 'What-4-2', '2020', 1, 1);
INSERT INTO `virtuajoint`.`Modelos` (`idModelos`, `nombreModelo`, `añoModelo`, `idMarcaJuguetera`, `idMarcaArmadora`) VALUES (234, 'Wicket', '2014', 1, 1);
INSERT INTO `virtuajoint`.`Modelos` (`idModelos`, `nombreModelo`, `añoModelo`, `idMarcaJuguetera`, `idMarcaArmadora`) VALUES (235, 'Willys Pickup 4x4', '1962', 1, 1);
INSERT INTO `virtuajoint`.`Modelos` (`idModelos`, `nombreModelo`, `añoModelo`, `idMarcaJuguetera`, `idMarcaArmadora`) VALUES (236, 'Wrangler', '2017', 1, 1);
INSERT INTO `virtuajoint`.`Modelos` (`idModelos`, `nombreModelo`, `añoModelo`, `idMarcaJuguetera`, `idMarcaArmadora`) VALUES (237, 'WRX STI', '2015', 1, 1);
INSERT INTO `virtuajoint`.`Modelos` (`idModelos`, `nombreModelo`, `añoModelo`, `idMarcaJuguetera`, `idMarcaArmadora`) VALUES (238, 'XE SV Project 8', '2017', 1, 1);
INSERT INTO `virtuajoint`.`Modelos` (`idModelos`, `nombreModelo`, `añoModelo`, `idMarcaJuguetera`, `idMarcaArmadora`) VALUES (239, 'XJ220', '1992', 1, 1);
INSERT INTO `virtuajoint`.`Modelos` (`idModelos`, `nombreModelo`, `añoModelo`, `idMarcaJuguetera`, `idMarcaArmadora`) VALUES (240, 'X-Wing Fighter', '2016', 1, 1);
INSERT INTO `virtuajoint`.`Modelos` (`idModelos`, `nombreModelo`, `añoModelo`, `idMarcaJuguetera`, `idMarcaArmadora`) VALUES (241, 'Yoda', '2014', 1, 1);
INSERT INTO `virtuajoint`.`Modelos` (`idModelos`, `nombreModelo`, `añoModelo`, `idMarcaJuguetera`, `idMarcaArmadora`) VALUES (242, 'Z Proto', '1901', 1, 1);
INSERT INTO `virtuajoint`.`Modelos` (`idModelos`, `nombreModelo`, `añoModelo`, `idMarcaJuguetera`, `idMarcaArmadora`) VALUES (243, 'Hot Wheels High', '2013', 3, 3);

COMMIT;


-- -----------------------------------------------------
-- Data for table `virtuajoint`.`Autos`
-- -----------------------------------------------------
START TRANSACTION;
USE `virtuajoint`;
INSERT INTO `virtuajoint`.`Autos` (`idAutos`, `fechaCompra`, `precioCompra`, `idLugarCompra`, `idModeloAuto`) VALUES (1, '2023-09-10', 39, 9, 243);

COMMIT;


-- -----------------------------------------------------
-- Data for table `virtuajoint`.`ColoresPorAuto`
-- -----------------------------------------------------
START TRANSACTION;
USE `virtuajoint`;
INSERT INTO `virtuajoint`.`ColoresPorAuto` (`idColoresPorAuto`, `colorCarroceriaPrincipal`, `colorCarroceriaSecundario`, `colorCarroceriaTerciario`, `colorBase`, `colorInteriores`, `colorVidrios`, `idAuto`) VALUES (1, 3, 4, 12, 4, 13, 12, 1);

COMMIT;

